{"cameraMode":{"drawMode":0,"name":"Shaded","section":"Shading Mode"},"sceneLighting":true,"audioPlay":false,"sceneViewState":{"m_AlwaysRefresh":false,"showFog":true,"showSkybox":true,"showFlares":true,"showImageEffects":true,"showParticleSystems":true,"showVisualEffectGraphs":true,"m_FxEnabled":true},"in2DMode":false,"pivot":{"x":492.7140197753906,"y":28.93330192565918,"z":175.86878967285157},"rotation":{"x":0.04057515412569046,"y":-0.47665026783943179,"z":-0.022038210183382036,"w":-0.8779109716415405},"size":13.507564544677735,"orthographic":false}