{"cameraMode":{"drawMode":0,"name":"Shaded","section":"Shading Mode"},"sceneLighting":true,"audioPlay":false,"sceneViewState":{"m_AlwaysRefresh":false,"showFog":true,"showSkybox":true,"showFlares":true,"showImageEffects":true,"showParticleSystems":true,"showVisualEffectGraphs":true,"m_FxEnabled":true},"in2DMode":false,"pivot":{"x":467.1598815917969,"y":26.301267623901368,"z":157.1691131591797},"rotation":{"x":-0.22323672473430634,"y":-0.28678780794143679,"z":0.06890963762998581,"w":-0.9290722012519836},"size":0.2994332015514374,"orthographic":false}