{"cameraMode":{"drawMode":0,"name":"Shaded","section":"Shading Mode"},"sceneLighting":true,"audioPlay":false,"sceneViewState":{"m_AlwaysRefresh":false,"showFog":true,"showSkybox":true,"showFlares":true,"showImageEffects":true,"showParticleSystems":true,"showVisualEffectGraphs":true,"m_FxEnabled":true},"in2DMode":false,"pivot":{"x":469.09454345703127,"y":26.195161819458009,"z":157.4290313720703},"rotation":{"x":-0.018393466249108316,"y":0.966867208480835,"z":-0.07295802235603333,"w":-0.24400348961353303},"size":2.0973010063171388,"orthographic":false}