{"cameraMode":{"drawMode":0,"name":"Shaded","section":"Shading Mode"},"sceneLighting":true,"audioPlay":false,"sceneViewState":{"m_AlwaysRefresh":false,"showFog":true,"showSkybox":true,"showFlares":true,"showImageEffects":true,"showParticleSystems":true,"showVisualEffectGraphs":true,"m_FxEnabled":true},"in2DMode":false,"pivot":{"x":470.7187805175781,"y":26.961483001708986,"z":160.72894287109376},"rotation":{"x":0.038477130234241489,"y":-0.20359790325164796,"z":0.008009702898561955,"w":0.9782953858375549},"size":1.176048994064331,"orthographic":false}